5c77c6d5fed91f583dd7a77d,2
5c77c6d5fed91f583dd7a77d,17
5c77c6d5fed91f583dd7a77d,39
5c77c6d5fed91f583dd7a77d,9
5c77c6d5fed91f583dd7a77d,21
5c77c6d5fed91f583dd7a77c,2
5c77c6d5fed91f583dd7a77c,39
5c77c6d5fed91f583dd7a77f,33
5c77c6d5fed91f583dd7a77e,2
5c77c6d8fed91f583dd7a89c,2
5c77c6d8fed91f583dd7a89c,39
5c77c6d8fed91f583dd7a89d,2
5c77c6d8fed91f583dd7a89d,26
5c77c6d5fed91f583dd7a77b,25
5c77c6d5fed91f583dd7a77b,26
5c77c6d8fed91f583dd7a89a,32
5c77c6d5fed91f583dd7a77a,2
5c77c6d5fed91f583dd7a77a,30
5c77c6d5fed91f583dd7a77a,21
5c77c6d8fed91f583dd7a89b,24
5c77c6d8fed91f583dd7a89b,28
5c77c6d8fed91f583dd7a89e,34
5c77c6d8fed91f583dd7a89e,8
5c77c6d8fed91f583dd7a89f,1
5c77c6d8fed91f583dd7a89f,24
5c77c6d8fed91f583dd7a89f,25
5c77c6d5fed91f583dd7a76c,2
5c77c6d5fed91f583dd7a76c,13
5c77c6d5fed91f583dd7a76c,39
5c77c6d5fed91f583dd7a76b,2
5c77c6d5fed91f583dd7a76b,40
5c77c6d5fed91f583dd7a76e,2
5c77c6d5fed91f583dd7a76e,8
5c77c6d5fed91f583dd7a76d,1
5c77c6d5fed91f583dd7a76d,8
5c77c6d5fed91f583dd7a76d,40
5c77c6d8fed91f583dd7a88b,2
5c77c6d8fed91f583dd7a88b,39
5c77c6d8fed91f583dd7a88b,8
5c77c6d5fed91f583dd7a76a,35
5c77c6d5fed91f583dd7a76a,38
5c77c6d5fed91f583dd7a76a,39
5c77c6d5fed91f583dd7a76a,40
5c77c6d8fed91f583dd7a88a,39
5c77c6d8fed91f583dd7a88a,40
5c77c6d8fed91f583dd7a88a,32
5c77c6d8fed91f583dd7a88f,27
5c77c6d8fed91f583dd7a88d,32
5c77c6d8fed91f583dd7a88e,1
5c77c6d8fed91f583dd7a88e,39
5c77c6d5fed91f583dd7a76f,1
5c77c6d5fed91f583dd7a76f,2
5c77c6d5fed91f583dd7a76f,24
5c77c6d5fed91f583dd7a76f,26
5c77c6d8fed91f583dd7a8b8,36
5c77c6d8fed91f583dd7a8b8,39
5c77c6d8fed91f583dd7a8b9,1
5c77c6d8fed91f583dd7a8b9,25
5c77c6d8fed91f583dd7a8b9,39
5c77c6d8fed91f583dd7a8b6,2
5c77c6d8fed91f583dd7a8b6,28
5c77c6d8fed91f583dd7a8b6,39
5c77c6d8fed91f583dd7a8b6,31
5c77c6d8fed91f583dd7a8b6,21
5c77c6d8fed91f583dd7a8b7,1
5c77c6d8fed91f583dd7a8ac,2
5c77c6d8fed91f583dd7a8ac,26
5c77c6d8fed91f583dd7a8ac,39
5c77c6d8fed91f583dd7a8ad,24
5c77c6d8fed91f583dd7a8ad,7
5c77c6d8fed91f583dd7a8aa,32
5c77c6d8fed91f583dd7a8ab,33
5c77c6d8fed91f583dd7a8b0,2
5c77c6d8fed91f583dd7a8b0,25
5c77c6d8fed91f583dd7a8b0,26
5c77c6d8fed91f583dd7a8b1,34
5c77c6d8fed91f583dd7a8b4,7
5c77c6d8fed91f583dd7a8b4,19
5c77c6d8fed91f583dd7a8b4,21
5c77c6d8fed91f583dd7a8b5,2
5c77c6d8fed91f583dd7a8b5,25
5c77c6d8fed91f583dd7a8b2,33
5c77c6d8fed91f583dd7a8b2,8
5c77c6d8fed91f583dd7a8b2,19
5c77c6d8fed91f583dd7a8b2,10
5c77c6d8fed91f583dd7a8b3,2
5c77c6d8fed91f583dd7a8b3,35
5c77c6d8fed91f583dd7a8b3,32
5c77c6d8fed91f583dd7a8a7,2
5c77c6d8fed91f583dd7a8a7,8
5c77c6d8fed91f583dd7a8a7,21
5c77c6d8fed91f583dd7a8a8,2
5c77c6d8fed91f583dd7a8a8,8
5c77c6d8fed91f583dd7a8a5,2
5c77c6d8fed91f583dd7a8a5,25
5c77c6d8fed91f583dd7a8a6,1
5c77c6d8fed91f583dd7a8a6,24
5c77c6d8fed91f583dd7a8a6,10
5c77c6d8fed91f583dd7a8a9,36
5c77c6d8fed91f583dd7a8a9,28
5c77c6d8fed91f583dd7a8a9,39
5c77c6d8fed91f583dd7a8a0,34
5c77c6d8fed91f583dd7a8a0,2
5c77c6d8fed91f583dd7a8a3,1
5c77c6d8fed91f583dd7a8a3,2
5c77c6d8fed91f583dd7a8a3,8
5c77c6d8fed91f583dd7a8a4,33
5c77c6d8fed91f583dd7a8a4,34
5c77c6d8fed91f583dd7a8a1,33
5c77c6d8fed91f583dd7a8a1,15
5c77c6d8fed91f583dd7a8a1,16
5c77c6d8fed91f583dd7a8a1,6
5c77c6d8fed91f583dd7a8a1,17
5c77c6d8fed91f583dd7a8a1,28
5c77c6d8fed91f583dd7a8a1,7
5c77c6d8fed91f583dd7a8a1,8
5c77c6d8fed91f583dd7a8a1,21
5c77c6d8fed91f583dd7a8a2,1
5c77c6d8fed91f583dd7a8a2,2
5c77c6d8fed91f583dd7a8a2,38
5c77c6d8fed91f583dd7a8a2,31
5c77c6d8fed91f583dd7a8a2,32
5c77c6d8fed91f583dd7a8d8,2
5c77c6d8fed91f583dd7a8d8,28
5c77c6d8fed91f583dd7a8d8,21
5c77c6d8fed91f583dd7a8d9,1
5c77c6d8fed91f583dd7a8d9,2
5c77c6d8fed91f583dd7a8d9,8
5c77c6d8fed91f583dd7a8ca,1
5c77c6d8fed91f583dd7a8ca,30
5c77c6d8fed91f583dd7a8cb,22
5c77c6d8fed91f583dd7a8cb,1
5c77c6d8fed91f583dd7a8cb,2
5c77c6d8fed91f583dd7a8cb,28
5c77c6d8fed91f583dd7a8cb,30
5c77c6d8fed91f583dd7a8ce,2
5c77c6d8fed91f583dd7a8ce,35
5c77c6d8fed91f583dd7a8ce,4
5c77c6d8fed91f583dd7a8ce,39
5c77c6d8fed91f583dd7a8ce,21
5c77c6d8fed91f583dd7a8cf,12
5c77c6d8fed91f583dd7a8cf,2
5c77c6d8fed91f583dd7a8cf,4
5c77c6d8fed91f583dd7a8cf,26
5c77c6d8fed91f583dd7a8cc,2
5c77c6d8fed91f583dd7a8cc,16
5c77c6d8fed91f583dd7a8cc,38
5c77c6d8fed91f583dd7a8cc,32
5c77c6d8fed91f583dd7a8cd,2
5c77c6d8fed91f583dd7a8cd,39
5c77c6d8fed91f583dd7a8bf,1
5c77c6d8fed91f583dd7a8bf,34
5c77c6d8fed91f583dd7a8bf,39
5c77c6d8fed91f583dd7a8d2,33
5c77c6d8fed91f583dd7a8d3,33
5c77c6d8fed91f583dd7a8d3,2
5c77c6d8fed91f583dd7a8d3,26
5c77c6d8fed91f583dd7a8d3,21
5c77c6d8fed91f583dd7a8d0,2
5c77c6d8fed91f583dd7a8d0,35
5c77c6d8fed91f583dd7a8d0,8
5c77c6d8fed91f583dd7a8d1,4
5c77c6d8fed91f583dd7a8d1,5
5c77c6d8fed91f583dd7a8d1,28
5c77c6d8fed91f583dd7a8d1,32
5c77c6d8fed91f583dd7a8d6,33
5c77c6d8fed91f583dd7a8d6,39
5c77c6d8fed91f583dd7a8d6,31
5c77c6d8fed91f583dd7a8d7,2
5c77c6d8fed91f583dd7a8d7,35
5c77c6d8fed91f583dd7a8d4,33
5c77c6d8fed91f583dd7a8d4,2
5c77c6d8fed91f583dd7a8d5,2
5c77c6d8fed91f583dd7a8d5,28
5c77c6d8fed91f583dd7a8c9,2
5c77c6d8fed91f583dd7a8c9,35
5c77c6d8fed91f583dd7a8c9,39
5c77c6d8fed91f583dd7a8c9,8
5c77c6d8fed91f583dd7a8c7,1
5c77c6d8fed91f583dd7a8c7,25
5c77c6d8fed91f583dd7a8c8,2
5c77c6d8fed91f583dd7a8c8,26
5c77c6d8fed91f583dd7a8c8,39
5c77c6d8fed91f583dd7a8c8,31
5c77c6d8fed91f583dd7a8ba,33
5c77c6d8fed91f583dd7a8ba,2
5c77c6d8fed91f583dd7a8ba,28
5c77c6d8fed91f583dd7a8ba,39
5c77c6d8fed91f583dd7a8ba,21
5c77c6d8fed91f583dd7a8bd,22
5c77c6d8fed91f583dd7a8bd,12
5c77c6d8fed91f583dd7a8bd,36
5c77c6d8fed91f583dd7a8bd,26
5c77c6d8fed91f583dd7a8be,26
5c77c6d8fed91f583dd7a8be,28
5c77c6d8fed91f583dd7a8be,39
5c77c6d8fed91f583dd7a8bb,26
5c77c6d8fed91f583dd7a8bb,39
5c77c6d8fed91f583dd7a8bc,36
5c77c6d8fed91f583dd7a8ae,2
5c77c6d8fed91f583dd7a8ae,16
5c77c6d8fed91f583dd7a8af,26
5c77c6d8fed91f583dd7a8af,39
5c77c6d8fed91f583dd7a8c1,34
5c77c6d8fed91f583dd7a8c1,2
5c77c6d8fed91f583dd7a8c1,35
5c77c6d8fed91f583dd7a8c2,2
5c77c6d8fed91f583dd7a8c2,27
5c77c6d8fed91f583dd7a8c2,39
5c77c6d8fed91f583dd7a8c0,33
5c77c6d8fed91f583dd7a8c0,31
5c77c6d8fed91f583dd7a8c5,1
5c77c6d8fed91f583dd7a8c6,2
5c77c6d8fed91f583dd7a8c6,8
5c77c6d8fed91f583dd7a8c3,1
5c77c6d8fed91f583dd7a8c3,34
5c77c6d8fed91f583dd7a8c3,35
5c77c6d8fed91f583dd7a8c4,34
5c77c6d8fed91f583dd7a8c4,2
5c77c6d7fed91f583dd7a84b,2
5c77c6d7fed91f583dd7a84b,8
5c77c6d7fed91f583dd7a84a,35
5c77c6d7fed91f583dd7a84a,40
5c77c6d7fed91f583dd7a84d,26
5c77c6d7fed91f583dd7a84d,8
5c77c6d7fed91f583dd7a84c,1
5c77c6d7fed91f583dd7a84c,2
5c77c6d7fed91f583dd7a84c,8
5c77c6d7fed91f583dd7a84f,25
5c77c6d7fed91f583dd7a84f,36
5c77c6d7fed91f583dd7a84f,39
5c77c6d7fed91f583dd7a84e,33
5c77c6d7fed91f583dd7a84e,36
5c77c6d7fed91f583dd7a84e,39
5c77c6d7fed91f583dd7a864,1
5c77c6d7fed91f583dd7a864,26
5c77c6d7fed91f583dd7a864,38
5c77c6d7fed91f583dd7a864,39
5c77c6d7fed91f583dd7a863,2
5c77c6d7fed91f583dd7a863,26
5c77c6d7fed91f583dd7a863,27
5c77c6d7fed91f583dd7a866,25
5c77c6d7fed91f583dd7a866,26
5c77c6d7fed91f583dd7a865,5
5c77c6d7fed91f583dd7a865,32
5c77c6d7fed91f583dd7a868,25
5c77c6d7fed91f583dd7a868,27
5c77c6d7fed91f583dd7a867,2
5c77c6d7fed91f583dd7a867,39
5c77c6d7fed91f583dd7a869,1
5c77c6d7fed91f583dd7a869,36
5c77c6d7fed91f583dd7a860,36
5c77c6d7fed91f583dd7a860,39
5c77c6d7fed91f583dd7a862,34
5c77c6d7fed91f583dd7a862,26
5c77c6d7fed91f583dd7a861,28
5c77c6d7fed91f583dd7a85c,2
5c77c6d7fed91f583dd7a85c,26
5c77c6d7fed91f583dd7a85b,26
5c77c6d7fed91f583dd7a85b,39
5c77c6d7fed91f583dd7a85b,31
5c77c6d7fed91f583dd7a85e,35
5c77c6d7fed91f583dd7a85e,36
5c77c6d7fed91f583dd7a85f,34
5c77c6d7fed91f583dd7a85f,39
5c77c6d7fed91f583dd7a85a,34
5c77c6d7fed91f583dd7a875,11
5c77c6d7fed91f583dd7a875,24
5c77c6d7fed91f583dd7a875,4
5c77c6d7fed91f583dd7a875,5
5c77c6d7fed91f583dd7a875,28
5c77c6d7fed91f583dd7a874,1
5c77c6d7fed91f583dd7a874,2
5c77c6d7fed91f583dd7a874,28
5c77c6d7fed91f583dd7a874,39
5c77c6d7fed91f583dd7a877,1
5c77c6d7fed91f583dd7a877,2
5c77c6d7fed91f583dd7a877,8
5c77c6d7fed91f583dd7a876,34
5c77c6d7fed91f583dd7a876,35
5c77c6d7fed91f583dd7a876,26
5c77c6d7fed91f583dd7a876,39
5c77c6d7fed91f583dd7a876,40
5c77c6d7fed91f583dd7a879,33
5c77c6d7fed91f583dd7a879,1
5c77c6d7fed91f583dd7a879,39
5c77c6d7fed91f583dd7a878,8
5c77c6d7fed91f583dd7a871,13
5c77c6d7fed91f583dd7a870,1
5c77c6d7fed91f583dd7a870,36
5c77c6d7fed91f583dd7a870,39
5c77c6d7fed91f583dd7a870,30
5c77c6d7fed91f583dd7a873,1
5c77c6d7fed91f583dd7a873,2
5c77c6d7fed91f583dd7a873,4
5c77c6d7fed91f583dd7a873,26
5c77c6d7fed91f583dd7a872,22
5c77c6d7fed91f583dd7a872,12
5c77c6d7fed91f583dd7a872,2
5c77c6d7fed91f583dd7a872,4
5c77c6d7fed91f583dd7a872,28
5c77c6d7fed91f583dd7a872,39
5c77c6d7fed91f583dd7a872,8
5c77c6d7fed91f583dd7a86d,9
5c77c6d7fed91f583dd7a86d,32
5c77c6d7fed91f583dd7a86c,39
5c77c6d7fed91f583dd7a86f,34
5c77c6d7fed91f583dd7a86f,2
5c77c6d7fed91f583dd7a86e,28
5c77c6d7fed91f583dd7a86e,8
5c77c6d7fed91f583dd7a86e,21
5c77c6d7fed91f583dd7a86b,1
5c77c6d7fed91f583dd7a86b,24
5c77c6d7fed91f583dd7a86b,31
5c77c6d7fed91f583dd7a86b,32
5c77c6d7fed91f583dd7a86a,26
5c77c6d7fed91f583dd7a87a,9
5c77c6d7fed91f583dd7a87b,33
5c77c6d7fed91f583dd7a87b,2
5c77c6d7fed91f583dd7a87b,39
5c77c6d7fed91f583dd7a87b,8
5c77c6d7fed91f583dd7a80b,1
5c77c6d7fed91f583dd7a80b,2
5c77c6d7fed91f583dd7a80b,24
5c77c6d7fed91f583dd7a80a,2
5c77c6d7fed91f583dd7a80a,39
5c77c6d7fed91f583dd7a80a,40
5c77c6d7fed91f583dd7a80d,2
5c77c6d7fed91f583dd7a80d,39
5c77c6d7fed91f583dd7a80d,7
5c77c6d7fed91f583dd7a80c,2
5c77c6d7fed91f583dd7a80c,6
5c77c6d7fed91f583dd7a817,25
5c77c6d7fed91f583dd7a817,26
5c77c6d7fed91f583dd7a817,39
5c77c6d7fed91f583dd7a816,2
5c77c6d7fed91f583dd7a816,36
5c77c6d7fed91f583dd7a819,22
5c77c6d7fed91f583dd7a819,1
5c77c6d7fed91f583dd7a819,38
5c77c6d7fed91f583dd7a818,33
5c77c6d7fed91f583dd7a818,2
5c77c6d7fed91f583dd7a818,36
5c77c6d7fed91f583dd7a818,4
5c77c6d7fed91f583dd7a818,39
5c77c6d7fed91f583dd7a820,28
5c77c6d7fed91f583dd7a822,1
5c77c6d7fed91f583dd7a822,2
5c77c6d7fed91f583dd7a822,24
5c77c6d7fed91f583dd7a821,36
5c77c6d7fed91f583dd7a821,38
5c77c6d7fed91f583dd7a821,39
5c77c6d7fed91f583dd7a824,36
5c77c6d7fed91f583dd7a824,26
5c77c6d7fed91f583dd7a823,2
5c77c6d7fed91f583dd7a823,24
5c77c6d7fed91f583dd7a823,8
5c77c6d7fed91f583dd7a823,32
5c77c6d7fed91f583dd7a826,39
5c77c6d7fed91f583dd7a825,2
5c77c6d7fed91f583dd7a825,39
5c77c6d7fed91f583dd7a825,32
5c77c6d6fed91f583dd7a78f,32
5c77c6d7fed91f583dd7a80f,1
5c77c6d7fed91f583dd7a80f,25
5c77c6d7fed91f583dd7a80f,26
5c77c6d6fed91f583dd7a78e,2
5c77c6d7fed91f583dd7a80e,26
5c77c6d6fed91f583dd7a78d,1
5c77c6d6fed91f583dd7a78d,34
5c77c6d6fed91f583dd7a78d,35
5c77c6d6fed91f583dd7a78d,5
5c77c6d6fed91f583dd7a78c,4
5c77c6d6fed91f583dd7a78c,5
5c77c6d6fed91f583dd7a78c,6
5c77c6d6fed91f583dd7a78c,32
5c77c6d6fed91f583dd7a78b,11
5c77c6d6fed91f583dd7a78b,1
5c77c6d6fed91f583dd7a78b,2
5c77c6d6fed91f583dd7a78a,26
5c77c6d6fed91f583dd7a78a,39
5c77c6d7fed91f583dd7a81a,33
5c77c6d7fed91f583dd7a81c,9
5c77c6d7fed91f583dd7a81b,17
5c77c6d7fed91f583dd7a81b,28
5c77c6d7fed91f583dd7a81b,18
5c77c6d7fed91f583dd7a81b,9
5c77c6d7fed91f583dd7a81e,1
5c77c6d7fed91f583dd7a81e,2
5c77c6d7fed91f583dd7a81e,39
5c77c6d7fed91f583dd7a81d,4
5c77c6d7fed91f583dd7a81d,5
5c77c6d7fed91f583dd7a81d,8
5c77c6d7fed91f583dd7a828,1
5c77c6d7fed91f583dd7a828,2
5c77c6d7fed91f583dd7a828,26
5c77c6d7fed91f583dd7a828,39
5c77c6d7fed91f583dd7a827,22
5c77c6d7fed91f583dd7a827,1
5c77c6d7fed91f583dd7a827,2
5c77c6d7fed91f583dd7a827,28
5c77c6d7fed91f583dd7a829,1
5c77c6d7fed91f583dd7a829,24
5c77c6d7fed91f583dd7a829,8
5c77c6d7fed91f583dd7a831,2
5c77c6d7fed91f583dd7a831,21
5c77c6d7fed91f583dd7a831,32
5c77c6d7fed91f583dd7a830,2
5c77c6d7fed91f583dd7a830,26
5c77c6d7fed91f583dd7a833,22
5c77c6d7fed91f583dd7a833,13
5c77c6d7fed91f583dd7a833,5
5c77c6d7fed91f583dd7a833,28
5c77c6d7fed91f583dd7a833,8
5c77c6d7fed91f583dd7a833,32
5c77c6d7fed91f583dd7a832,32
5c77c6d7fed91f583dd7a835,24
5c77c6d7fed91f583dd7a835,38
5c77c6d7fed91f583dd7a835,28
5c77c6d7fed91f583dd7a835,39
5c77c6d7fed91f583dd7a834,2
5c77c6d7fed91f583dd7a834,28
5c77c6d7fed91f583dd7a834,19
5c77c6d7fed91f583dd7a837,14
5c77c6d7fed91f583dd7a837,16
5c77c6d7fed91f583dd7a837,27
5c77c6d7fed91f583dd7a836,2
5c77c6d7fed91f583dd7a836,36
5c77c6d6fed91f583dd7a79f,26
5c77c6d6fed91f583dd7a79f,40
5c77c6d7fed91f583dd7a81f,39
5c77c6d7fed91f583dd7a81f,7
5c77c6d6fed91f583dd7a79e,1
5c77c6d6fed91f583dd7a79e,12
5c77c6d6fed91f583dd7a79e,2
5c77c6d6fed91f583dd7a79e,4
5c77c6d6fed91f583dd7a79d,39
5c77c6d6fed91f583dd7a79d,21
5c77c6d6fed91f583dd7a79c,24
5c77c6d6fed91f583dd7a79c,9
5c77c6d6fed91f583dd7a79c,21
5c77c6d6fed91f583dd7a79b,22
5c77c6d6fed91f583dd7a79b,1
5c77c6d6fed91f583dd7a79b,38
5c77c6d6fed91f583dd7a79a,2
5c77c6d6fed91f583dd7a79a,6
5c77c6d7fed91f583dd7a82b,1
5c77c6d7fed91f583dd7a82b,2
5c77c6d7fed91f583dd7a82b,27
5c77c6d7fed91f583dd7a82b,39
5c77c6d7fed91f583dd7a82b,8
5c77c6d7fed91f583dd7a82a,2
5c77c6d7fed91f583dd7a82a,25
5c77c6d7fed91f583dd7a82d,28
5c77c6d7fed91f583dd7a82d,39
5c77c6d7fed91f583dd7a82d,40
5c77c6d7fed91f583dd7a82d,31
5c77c6d6fed91f583dd7a789,2
5c77c6d6fed91f583dd7a789,24
5c77c6d6fed91f583dd7a789,8
5c77c6d6fed91f583dd7a789,9
5c77c6d7fed91f583dd7a82c,1
5c77c6d7fed91f583dd7a82c,36
5c77c6d7fed91f583dd7a82c,26
5c77c6d7fed91f583dd7a82c,9
5c77c6d6fed91f583dd7a788,1
5c77c6d6fed91f583dd7a788,35
5c77c6d7fed91f583dd7a82f,1
5c77c6d7fed91f583dd7a82f,2
5c77c6d7fed91f583dd7a82f,36
5c77c6d7fed91f583dd7a82f,27
5c77c6d6fed91f583dd7a787,2
5c77c6d6fed91f583dd7a787,26
5c77c6d6fed91f583dd7a787,39
5c77c6d7fed91f583dd7a82e,22
5c77c6d7fed91f583dd7a82e,1
5c77c6d7fed91f583dd7a82e,25
5c77c6d6fed91f583dd7a786,22
5c77c6d6fed91f583dd7a786,1
5c77c6d6fed91f583dd7a786,24
5c77c6d7fed91f583dd7a839,2
5c77c6d7fed91f583dd7a839,24
5c77c6d7fed91f583dd7a839,39
5c77c6d6fed91f583dd7a785,1
5c77c6d6fed91f583dd7a785,26
5c77c6d7fed91f583dd7a838,24
5c77c6d7fed91f583dd7a838,36
5c77c6d6fed91f583dd7a784,36
5c77c6d6fed91f583dd7a784,26
5c77c6d6fed91f583dd7a784,39
5c77c6d6fed91f583dd7a784,10
5c77c6d6fed91f583dd7a783,1
5c77c6d6fed91f583dd7a783,2
5c77c6d6fed91f583dd7a783,26
5c77c6d6fed91f583dd7a782,1
5c77c6d6fed91f583dd7a782,2
5c77c6d6fed91f583dd7a782,9
5c77c6d6fed91f583dd7a781,1
5c77c6d6fed91f583dd7a781,2
5c77c6d6fed91f583dd7a781,39
5c77c6d6fed91f583dd7a780,33
5c77c6d6fed91f583dd7a780,31
5c77c6d7fed91f583dd7a842,2
5c77c6d7fed91f583dd7a842,3
5c77c6d7fed91f583dd7a842,40
5c77c6d7fed91f583dd7a841,2
5c77c6d7fed91f583dd7a841,24
5c77c6d7fed91f583dd7a841,27
5c77c6d7fed91f583dd7a841,19
5c77c6d7fed91f583dd7a844,2
5c77c6d7fed91f583dd7a844,3
5c77c6d7fed91f583dd7a844,27
5c77c6d7fed91f583dd7a844,40
5c77c6d7fed91f583dd7a843,2
5c77c6d7fed91f583dd7a843,14
5c77c6d7fed91f583dd7a843,1 
5c77c6d7fed91f583dd7a846,1
5c77c6d7fed91f583dd7a846,35
5c77c6d7fed91f583dd7a846,40
5c77c6d7fed91f583dd7a845,32
5c77c6d7fed91f583dd7a848,2
5c77c6d7fed91f583dd7a848,38
5c77c6d7fed91f583dd7a848,8
5c77c6d7fed91f583dd7a847,26
5c77c6d7fed91f583dd7a840,5
5c77c6d7fed91f583dd7a840,21
5c77c6d7fed91f583dd7a83a,24
5c77c6d7fed91f583dd7a83a,32
5c77c6d7fed91f583dd7a83c,25
5c77c6d7fed91f583dd7a83c,26
5c77c6d7fed91f583dd7a83b,2
5c77c6d7fed91f583dd7a83b,35
5c77c6d7fed91f583dd7a83b,39
5c77c6d7fed91f583dd7a83e,34
5c77c6d7fed91f583dd7a83e,24
5c77c6d7fed91f583dd7a83e,28
5c77c6d7fed91f583dd7a83d,2
5c77c6d7fed91f583dd7a83d,25
5c77c6d6fed91f583dd7a799,34
5c77c6d6fed91f583dd7a799,2
5c77c6d6fed91f583dd7a799,39
5c77c6d6fed91f583dd7a799,8
5c77c6d6fed91f583dd7a799,21
5c77c6d6fed91f583dd7a798,26
5c77c6d6fed91f583dd7a798,40
5c77c6d7fed91f583dd7a83f,4
5c77c6d7fed91f583dd7a83f,40
5c77c6d6fed91f583dd7a797,1
5c77c6d6fed91f583dd7a797,25
5c77c6d6fed91f583dd7a797,26
5c77c6d6fed91f583dd7a796,34
5c77c6d6fed91f583dd7a796,8
5c77c6d6fed91f583dd7a796,9
5c77c6d7fed91f583dd7a849,39
5c77c6d6fed91f583dd7a795,2
5c77c6d6fed91f583dd7a795,28
5c77c6d6fed91f583dd7a795,9
5c77c6d6fed91f583dd7a794,1
5c77c6d6fed91f583dd7a794,30
5c77c6d6fed91f583dd7a793,26
5c77c6d6fed91f583dd7a793,39
5c77c6d6fed91f583dd7a792,1
5c77c6d6fed91f583dd7a792,39
5c77c6d6fed91f583dd7a792,32
5c77c6d6fed91f583dd7a791,1
5c77c6d6fed91f583dd7a791,39
5c77c6d6fed91f583dd7a791,31
5c77c6d6fed91f583dd7a790,1
5c77c6d6fed91f583dd7a790,3
5c77c6d6fed91f583dd7a790,38
5c77c6d6fed91f583dd7a790,39
5c77c6d6fed91f583dd7a790,10
5c77c6d7fed91f583dd7a853,1
5c77c6d7fed91f583dd7a853,26
5c77c6d7fed91f583dd7a852,2
5c77c6d7fed91f583dd7a852,26
5c77c6d7fed91f583dd7a855,33
5c77c6d7fed91f583dd7a855,1
5c77c6d7fed91f583dd7a857,1
5c77c6d7fed91f583dd7a857,2
5c77c6d7fed91f583dd7a857,24
5c77c6d7fed91f583dd7a857,28
5c77c6d7fed91f583dd7a856,24
5c77c6d7fed91f583dd7a856,26
5c77c6d7fed91f583dd7a856,31
5c77c6d7fed91f583dd7a859,39
5c77c6d7fed91f583dd7a859,32
5c77c6d7fed91f583dd7a858,1
5c77c6d7fed91f583dd7a858,2
5c77c6d7fed91f583dd7a858,28
5c77c6d7fed91f583dd7a851,33
5c77c6d7fed91f583dd7a851,39
5c77c6d7fed91f583dd7a850,26
5c77c6d7fed91f583dd7a850,32
5c77c6d6fed91f583dd7a7ff,26
5c77c6d6fed91f583dd7a7ff,28
5c77c6d6fed91f583dd7a7ff,8
5c77c6d6fed91f583dd7a7fe,11
5c77c6d6fed91f583dd7a7fe,2
5c77c6d6fed91f583dd7a7fd,22
5c77c6d6fed91f583dd7a7fd,33
5c77c6d6fed91f583dd7a7fd,25
5c77c6d6fed91f583dd7a7fd,39
5c77c6d6fed91f583dd7a7fc,35
5c77c6d6fed91f583dd7a7fb,1
5c77c6d6fed91f583dd7a7fb,2
5c77c6d6fed91f583dd7a7fb,8
5c77c6d6fed91f583dd7a7fa,1
5c77c6d6fed91f583dd7a7fa,8
5c77c6d5fed91f583dd7a730,14
5c77c6d5fed91f583dd7a730,15
5c77c6d5fed91f583dd7a730,16
5c77c6d5fed91f583dd7a730,39
5c77c6d5fed91f583dd7a732,1
5c77c6d5fed91f583dd7a731,1
5c77c6d5fed91f583dd7a731,2
5c77c6d5fed91f583dd7a731,26
5c77c6d6fed91f583dd7a7df,26
5c77c6d6fed91f583dd7a7de,2
5c77c6d6fed91f583dd7a7de,35
5c77c6d6fed91f583dd7a7dd,2
5c77c6d6fed91f583dd7a7dd,35
5c77c6d6fed91f583dd7a7dd,25
5c77c6d6fed91f583dd7a7dc,33
5c77c6d6fed91f583dd7a7dc,36
5c77c6d5fed91f583dd7a738,1
5c77c6d5fed91f583dd7a738,2
5c77c6d5fed91f583dd7a738,7
5c77c6d5fed91f583dd7a738,9
5c77c6d6fed91f583dd7a7db,2
5c77c6d6fed91f583dd7a7db,26
5c77c6d5fed91f583dd7a737,33
5c77c6d5fed91f583dd7a737,24
5c77c6d6fed91f583dd7a7da,25
5c77c6d6fed91f583dd7a7da,38
5c77c6d6fed91f583dd7a7da,28
5c77c6d6fed91f583dd7a7da,39
5c77c6d6fed91f583dd7a7da,31
5c77c6d6fed91f583dd7a7da,21
5c77c6d5fed91f583dd7a739,33
5c77c6d5fed91f583dd7a739,1
5c77c6d5fed91f583dd7a739,2
5c77c6d5fed91f583dd7a739,31
5c77c6d5fed91f583dd7a734,2
5c77c6d5fed91f583dd7a733,1
5c77c6d5fed91f583dd7a733,2
5c77c6d5fed91f583dd7a733,39
5c77c6d5fed91f583dd7a733,32
5c77c6d5fed91f583dd7a736,39
5c77c6d5fed91f583dd7a736,32
5c77c6d5fed91f583dd7a735,1
5c77c6d5fed91f583dd7a735,2
5c77c6d5fed91f583dd7a735,36
5c77c6d5fed91f583dd7a735,39
5c77c6d6fed91f583dd7a7e9,2
5c77c6d6fed91f583dd7a7e9,40
5c77c6d7fed91f583dd7a800,33
5c77c6d7fed91f583dd7a800,39
5c77c6d7fed91f583dd7a800,40
5c77c6d6fed91f583dd7a7e8,39
5c77c6d6fed91f583dd7a7e8,40
5c77c6d6fed91f583dd7a7e7,34
5c77c6d6fed91f583dd7a7e7,24
5c77c6d7fed91f583dd7a802,2
5c77c6d7fed91f583dd7a802,35
5c77c6d7fed91f583dd7a802,9
5c77c6d6fed91f583dd7a7e6,39
5c77c6d6fed91f583dd7a7e6,32
5c77c6d7fed91f583dd7a801,1
5c77c6d7fed91f583dd7a801,39
5c77c6d6fed91f583dd7a7e5,28
5c77c6d6fed91f583dd7a7e5,39
5c77c6d6fed91f583dd7a7e5,32
5c77c6d7fed91f583dd7a804,1
5c77c6d7fed91f583dd7a804,24
5c77c6d6fed91f583dd7a7e4,1
5c77c6d6fed91f583dd7a7e4,2
5c77c6d7fed91f583dd7a803,2
5c77c6d7fed91f583dd7a803,25
5c77c6d5fed91f583dd7a71f,1
5c77c6d5fed91f583dd7a71f,2
5c77c6d5fed91f583dd7a71f,24
5c77c6d5fed91f583dd7a71f,26
5c77c6d5fed91f583dd7a71f,38
5c77c6d6fed91f583dd7a7e3,1
5c77c6d6fed91f583dd7a7e3,2
5c77c6d6fed91f583dd7a7e3,26
5c77c6d6fed91f583dd7a7e3,39
5c77c6d6fed91f583dd7a7e3,40
5c77c6d6fed91f583dd7a7e3,30
5c77c6d6fed91f583dd7a7e3,32
5c77c6d5fed91f583dd7a71e,1
5c77c6d5fed91f583dd7a71e,2
5c77c6d5fed91f583dd7a71e,36
5c77c6d5fed91f583dd7a71e,17
5c77c6d5fed91f583dd7a71e,7
5c77c6d5fed91f583dd7a71e,32
5c77c6d6fed91f583dd7a7e2,34
5c77c6d6fed91f583dd7a7e1,4
5c77c6d6fed91f583dd7a7e1,28
5c77c6d6fed91f583dd7a7e1,39
5c77c6d6fed91f583dd7a7e0,1
5c77c6d6fed91f583dd7a7e0,2
5c77c6d6fed91f583dd7a7e0,36
5c77c6d6fed91f583dd7a7e0,26
5c77c6d6fed91f583dd7a7e0,39
5c77c6d5fed91f583dd7a71b,2
5c77c6d5fed91f583dd7a71b,24
5c77c6d5fed91f583dd7a71b,28
5c77c6d5fed91f583dd7a71b,8
5c77c6d5fed91f583dd7a71a,1
5c77c6d5fed91f583dd7a71a,24
5c77c6d5fed91f583dd7a71d,1
5c77c6d5fed91f583dd7a71d,2
5c77c6d5fed91f583dd7a71d,20
5c77c6d5fed91f583dd7a71c,4
5c77c6d5fed91f583dd7a721,2
5c77c6d5fed91f583dd7a721,39
5c77c6d5fed91f583dd7a720,1
5c77c6d5fed91f583dd7a720,2
5c77c6d5fed91f583dd7a720,26
5c77c6d5fed91f583dd7a720,38
5c77c6d5fed91f583dd7a720,39
5c77c6d6fed91f583dd7a7ef,1
5c77c6d6fed91f583dd7a7ef,35
5c77c6d6fed91f583dd7a7ef,40
5c77c6d6fed91f583dd7a7ee,1
5c77c6d6fed91f583dd7a7ee,2
5c77c6d6fed91f583dd7a7ee,8
5c77c6d6fed91f583dd7a7ed,2
5c77c6d6fed91f583dd7a7ed,40
5c77c6d5fed91f583dd7a727,1
5c77c6d5fed91f583dd7a727,2
5c77c6d5fed91f583dd7a727,26
5c77c6d6fed91f583dd7a7ec,1
5c77c6d6fed91f583dd7a7ec,12
5c77c6d6fed91f583dd7a7ec,2
5c77c6d7fed91f583dd7a806,2
5c77c6d7fed91f583dd7a806,8
5c77c6d5fed91f583dd7a726,28
5c77c6d5fed91f583dd7a726,39
5c77c6d5fed91f583dd7a726,8
5c77c6d5fed91f583dd7a726,21
5c77c6d6fed91f583dd7a7eb,2
5c77c6d6fed91f583dd7a7eb,35
5c77c6d6fed91f583dd7a7eb,30
5c77c6d7fed91f583dd7a805,2
5c77c6d7fed91f583dd7a805,8
5c77c6d5fed91f583dd7a729,11
5c77c6d5fed91f583dd7a729,2
5c77c6d6fed91f583dd7a7ea,23
5c77c6d6fed91f583dd7a7ea,2
5c77c6d6fed91f583dd7a7ea,39
5c77c6d7fed91f583dd7a808,2
5c77c6d7fed91f583dd7a808,21
5c77c6d5fed91f583dd7a728,34
5c77c6d7fed91f583dd7a807,34
5c77c6d7fed91f583dd7a807,2
5c77c6d7fed91f583dd7a807,36
5c77c6d7fed91f583dd7a807,38
5c77c6d7fed91f583dd7a807,39
5c77c6d7fed91f583dd7a807,40
5c77c6d5fed91f583dd7a723,2
5c77c6d7fed91f583dd7a809,1
5c77c6d7fed91f583dd7a809,35
5c77c6d5fed91f583dd7a725,2
5c77c6d5fed91f583dd7a725,26
5c77c6d5fed91f583dd7a725,39
5c77c6d5fed91f583dd7a724,24
5c77c6d5fed91f583dd7a724,21
5c77c6d7fed91f583dd7a811,1
5c77c6d7fed91f583dd7a811,2
5c77c6d7fed91f583dd7a811,30
5c77c6d6fed91f583dd7a7f9,1
5c77c6d6fed91f583dd7a7f9,8
5c77c6d7fed91f583dd7a810,2
5c77c6d7fed91f583dd7a810,39
5c77c6d6fed91f583dd7a7f8,1
5c77c6d6fed91f583dd7a7f8,2
5c77c6d7fed91f583dd7a813,26
5c77c6d6fed91f583dd7a7f7,33
5c77c6d6fed91f583dd7a7f7,36
5c77c6d6fed91f583dd7a7f7,39
5c77c6d7fed91f583dd7a812,2
5c77c6d7fed91f583dd7a812,28
5c77c6d7fed91f583dd7a812,39
5c77c6d7fed91f583dd7a812,7
5c77c6d6fed91f583dd7a7f6,2
5c77c6d6fed91f583dd7a7f6,39
5c77c6d7fed91f583dd7a815,1
5c77c6d7fed91f583dd7a815,2
5c77c6d7fed91f583dd7a815,13
5c77c6d7fed91f583dd7a815,36
5c77c6d7fed91f583dd7a815,30
5c77c6d6fed91f583dd7a7f5,2
5c77c6d7fed91f583dd7a814,26
5c77c6d7fed91f583dd7a814,27
5c77c6d7fed91f583dd7a814,39
5c77c6d6fed91f583dd7a7f4,33
5c77c6d6fed91f583dd7a7f4,2
5c77c6d6fed91f583dd7a7f3,34
5c77c6d6fed91f583dd7a7f2,39
5c77c6d6fed91f583dd7a7f2,8
5c77c6d6fed91f583dd7a7f1,2
5c77c6d6fed91f583dd7a7f1,25
5c77c6d6fed91f583dd7a7f0,1
5c77c6d6fed91f583dd7a7f0,35
5c77c6d6fed91f583dd7a7f0,26
5c77c6d5fed91f583dd7a752,33
5c77c6d5fed91f583dd7a752,2
5c77c6d5fed91f583dd7a752,36
5c77c6d5fed91f583dd7a751,1
5c77c6d5fed91f583dd7a751,2
5c77c6d5fed91f583dd7a754,22
5c77c6d5fed91f583dd7a754,2
5c77c6d5fed91f583dd7a754,8
5c77c6d6fed91f583dd7a7bf,12
5c77c6d6fed91f583dd7a7bf,2
5c77c6d6fed91f583dd7a7bf,6
5c77c6d5fed91f583dd7a753,2
5c77c6d5fed91f583dd7a753,4
5c77c6d5fed91f583dd7a753,28
5c77c6d5fed91f583dd7a753,8
5c77c6d5fed91f583dd7a753,21
5c77c6d6fed91f583dd7a7be,8
5c77c6d6fed91f583dd7a7bd,1
5c77c6d6fed91f583dd7a7bd,26
5c77c6d6fed91f583dd7a7bd,39
5c77c6d6fed91f583dd7a7bc,2
5c77c6d6fed91f583dd7a7bc,4
5c77c6d5fed91f583dd7a750,24
5c77c6d5fed91f583dd7a750,39
5c77c6d5fed91f583dd7a750,32
5c77c6d6fed91f583dd7a7bb,1
5c77c6d6fed91f583dd7a7bb,2
5c77c6d6fed91f583dd7a7bb,4
5c77c6d6fed91f583dd7a7ba,2
5c77c6d6fed91f583dd7a7ba,27
5c77c6d6fed91f583dd7a7ba,39
5c77c6d5fed91f583dd7a759,1
5c77c6d5fed91f583dd7a759,35
5c77c6d5fed91f583dd7a759,40
5c77c6d5fed91f583dd7a756,33
5c77c6d5fed91f583dd7a756,26
5c77c6d5fed91f583dd7a756,39
5c77c6d5fed91f583dd7a755,33
5c77c6d5fed91f583dd7a755,1
5c77c6d5fed91f583dd7a755,2
5c77c6d5fed91f583dd7a758,35
5c77c6d5fed91f583dd7a758,40
5c77c6d5fed91f583dd7a757,2
5c77c6d5fed91f583dd7a757,28
5c77c6d6fed91f583dd7a7c9,26
5c77c6d6fed91f583dd7a7c9,39
5c77c6d6fed91f583dd7a7c9,40
5c77c6d6fed91f583dd7a7c8,2
5c77c6d6fed91f583dd7a7c8,26
5c77c6d6fed91f583dd7a7c8,39
5c77c6d6fed91f583dd7a7c8,32
5c77c6d5fed91f583dd7a73b,2
5c77c6d5fed91f583dd7a73b,8
5c77c6d6fed91f583dd7a7c7,2
5c77c6d6fed91f583dd7a7c7,24
5c77c6d5fed91f583dd7a73a,1
5c77c6d5fed91f583dd7a73a,2
5c77c6d5fed91f583dd7a73a,21
5c77c6d6fed91f583dd7a7c6,1
5c77c6d6fed91f583dd7a7c6,2
5c77c6d6fed91f583dd7a7c6,18
5c77c6d6fed91f583dd7a7c6,21
5c77c6d6fed91f583dd7a7c5,35
5c77c6d6fed91f583dd7a7c5,32
5c77c6d6fed91f583dd7a7c4,2
5c77c6d6fed91f583dd7a7c4,40
5c77c6d6fed91f583dd7a7c3,2
5c77c6d6fed91f583dd7a7c3,38
5c77c6d6fed91f583dd7a7c3,18
5c77c6d6fed91f583dd7a7c3,21
5c77c6d6fed91f583dd7a7c2,33
5c77c6d6fed91f583dd7a7c2,2
5c77c6d6fed91f583dd7a7c1,7
5c77c6d6fed91f583dd7a7c0,2
5c77c6d6fed91f583dd7a7c0,24
5c77c6d6fed91f583dd7a7c0,28
5c77c6d5fed91f583dd7a73d,2
5c77c6d5fed91f583dd7a73d,26
5c77c6d5fed91f583dd7a73c,2
5c77c6d5fed91f583dd7a73c,26
5c77c6d5fed91f583dd7a73f,2
5c77c6d5fed91f583dd7a73f,27
5c77c6d5fed91f583dd7a73f,39
5c77c6d5fed91f583dd7a73e,1
5c77c6d5fed91f583dd7a73e,2
5c77c6d5fed91f583dd7a73e,26
5c77c6d5fed91f583dd7a73e,8
5c77c6d5fed91f583dd7a741,34
5c77c6d5fed91f583dd7a741,26
5c77c6d5fed91f583dd7a741,39
5c77c6d5fed91f583dd7a740,1
5c77c6d5fed91f583dd7a740,2
5c77c6d5fed91f583dd7a740,40
5c77c6d5fed91f583dd7a743,40
5c77c6d5fed91f583dd7a743,20
5c77c6d5fed91f583dd7a742,1
5c77c6d5fed91f583dd7a742,2
5c77c6d5fed91f583dd7a742,39
5c77c6d5fed91f583dd7a742,8
5c77c6d6fed91f583dd7a7cf,1
5c77c6d6fed91f583dd7a7cf,18
5c77c6d6fed91f583dd7a7ce,2
5c77c6d6fed91f583dd7a7ce,26
5c77c6d6fed91f583dd7a7ce,39
5c77c6d6fed91f583dd7a7cd,26
5c77c6d6fed91f583dd7a7cd,8
5c77c6d6fed91f583dd7a7cc,1
5c77c6d6fed91f583dd7a7cc,30
5c77c6d6fed91f583dd7a7cc,10
5c77c6d6fed91f583dd7a7cb,26
5c77c6d6fed91f583dd7a7cb,38
5c77c6d6fed91f583dd7a7cb,6
5c77c6d5fed91f583dd7a749,2
5c77c6d5fed91f583dd7a749,39
5c77c6d5fed91f583dd7a749,32
5c77c6d6fed91f583dd7a7ca,2
5c77c6d6fed91f583dd7a7ca,28
5c77c6d6fed91f583dd7a7ca,39
5c77c6d6fed91f583dd7a7ca,30
5c77c6d5fed91f583dd7a748,12
5c77c6d5fed91f583dd7a748,2
5c77c6d5fed91f583dd7a745,24
5c77c6d5fed91f583dd7a745,17
5c77c6d5fed91f583dd7a745,8
5c77c6d5fed91f583dd7a745,21
5c77c6d5fed91f583dd7a744,34
5c77c6d5fed91f583dd7a744,2
5c77c6d5fed91f583dd7a747,1
5c77c6d5fed91f583dd7a746,2
5c77c6d5fed91f583dd7a746,8
5c77c6d6fed91f583dd7a7d9,2
5c77c6d6fed91f583dd7a7d9,14
5c77c6d5fed91f583dd7a72a,33
5c77c6d5fed91f583dd7a72a,35
5c77c6d5fed91f583dd7a72a,36
5c77c6d5fed91f583dd7a72a,26
5c77c6d5fed91f583dd7a72a,9
5c77c6d6fed91f583dd7a7d8,24
5c77c6d6fed91f583dd7a7d8,21
5c77c6d6fed91f583dd7a7d7,2
5c77c6d6fed91f583dd7a7d7,16
5c77c6d6fed91f583dd7a7d6,1
5c77c6d6fed91f583dd7a7d6,2
5c77c6d6fed91f583dd7a7d6,35
5c77c6d6fed91f583dd7a7d6,39
5c77c6d6fed91f583dd7a7d5,12
5c77c6d6fed91f583dd7a7d5,24
5c77c6d6fed91f583dd7a7d5,39
5c77c6d6fed91f583dd7a7d4,2
5c77c6d6fed91f583dd7a7d4,24
5c77c6d6fed91f583dd7a7d4,21
5c77c6d6fed91f583dd7a7d2,2
5c77c6d6fed91f583dd7a7d2,26
5c77c6d5fed91f583dd7a72f,3
5c77c6d6fed91f583dd7a7d1,2
5c77c6d6fed91f583dd7a7d1,25
5c77c6d6fed91f583dd7a7d0,1
5c77c6d6fed91f583dd7a7d0,2
5c77c6d5fed91f583dd7a72c,38
5c77c6d5fed91f583dd7a72c,28
5c77c6d5fed91f583dd7a72c,8
5c77c6d5fed91f583dd7a72b,26
5c77c6d5fed91f583dd7a72b,39
5c77c6d5fed91f583dd7a72e,2
5c77c6d5fed91f583dd7a72e,32
5c77c6d5fed91f583dd7a72d,2
5c77c6d5fed91f583dd7a774,24
5c77c6d5fed91f583dd7a774,16
5c77c6d5fed91f583dd7a774,39
5c77c6d5fed91f583dd7a773,35
5c77c6d5fed91f583dd7a773,26
5c77c6d5fed91f583dd7a773,40
5c77c6d8fed91f583dd7a890,22
5c77c6d8fed91f583dd7a890,2
5c77c6d5fed91f583dd7a776,25
5c77c6d5fed91f583dd7a776,26
5c77c6d5fed91f583dd7a775,1
5c77c6d5fed91f583dd7a775,2
5c77c6d5fed91f583dd7a775,6
5c77c6d5fed91f583dd7a770,5
5c77c6d5fed91f583dd7a770,28
5c77c6d8fed91f583dd7a893,34
5c77c6d8fed91f583dd7a893,2
5c77c6d8fed91f583dd7a893,39
5c77c6d8fed91f583dd7a894,34
5c77c6d8fed91f583dd7a894,26
5c77c6d5fed91f583dd7a772,2
5c77c6d5fed91f583dd7a772,26
5c77c6d8fed91f583dd7a891,4
5c77c6d8fed91f583dd7a891,28
5c77c6d8fed91f583dd7a891,8
5c77c6d5fed91f583dd7a771,39
5c77c6d5fed91f583dd7a771,32
5c77c6d8fed91f583dd7a892,32
5c77c6d8fed91f583dd7a897,34
5c77c6d8fed91f583dd7a897,2
5c77c6d8fed91f583dd7a897,8
5c77c6d8fed91f583dd7a898,33
5c77c6d8fed91f583dd7a895,33
5c77c6d8fed91f583dd7a895,2
5c77c6d8fed91f583dd7a896,2
5c77c6d8fed91f583dd7a896,25
5c77c6d5fed91f583dd7a778,1
5c77c6d5fed91f583dd7a778,24
5c77c6d5fed91f583dd7a778,39
5c77c6d5fed91f583dd7a778,21
5c77c6d5fed91f583dd7a777,1
5c77c6d5fed91f583dd7a777,2
5c77c6d5fed91f583dd7a777,26
5c77c6d6fed91f583dd7a7a9,32
5c77c6d8fed91f583dd7a899,2
5c77c6d5fed91f583dd7a779,39
5c77c6d6fed91f583dd7a7a8,36
5c77c6d6fed91f583dd7a7a8,39
5c77c6d6fed91f583dd7a7a8,31
5c77c6d5fed91f583dd7a75b,39
5c77c6d5fed91f583dd7a75b,32
5c77c6d6fed91f583dd7a7a7,33
5c77c6d6fed91f583dd7a7a7,39
5c77c6d6fed91f583dd7a7a7,31
5c77c6d5fed91f583dd7a75a,2
5c77c6d5fed91f583dd7a75a,28
5c77c6d5fed91f583dd7a75a,8
5c77c6d6fed91f583dd7a7a6,26
5c77c6d6fed91f583dd7a7a6,39
5c77c6d5fed91f583dd7a75d,2
5c77c6d5fed91f583dd7a75d,26
5c77c6d5fed91f583dd7a75d,39
5c77c6d6fed91f583dd7a7a5,34
5c77c6d5fed91f583dd7a75c,34
5c77c6d5fed91f583dd7a75c,36
5c77c6d5fed91f583dd7a75c,4
5c77c6d5fed91f583dd7a75c,26
5c77c6d6fed91f583dd7a7a4,2
5c77c6d6fed91f583dd7a7a4,5
5c77c6d6fed91f583dd7a7a3,2
5c77c6d6fed91f583dd7a7a3,35
5c77c6d6fed91f583dd7a7a3,39
5c77c6d6fed91f583dd7a7a3,32
5c77c6d6fed91f583dd7a7a2,1
5c77c6d6fed91f583dd7a7a2,13
5c77c6d6fed91f583dd7a7a2,36
5c77c6d6fed91f583dd7a7a2,39
5c77c6d6fed91f583dd7a7a2,10
5c77c6d6fed91f583dd7a7a1,2
5c77c6d6fed91f583dd7a7a1,8
5c77c6d6fed91f583dd7a7a0,1
5c77c6d6fed91f583dd7a7a0,2
5c77c6d6fed91f583dd7a7a0,24
5c77c6d6fed91f583dd7a7a0,14
5c77c6d6fed91f583dd7a7a0,39
5c77c6d6fed91f583dd7a7a0,31
5c77c6d6fed91f583dd7a7a0,32
5c77c6d8fed91f583dd7a87e,12
5c77c6d8fed91f583dd7a87e,34
5c77c6d8fed91f583dd7a87e,2
5c77c6d8fed91f583dd7a87f,12
5c77c6d8fed91f583dd7a87f,2
5c77c6d8fed91f583dd7a87f,36
5c77c6d8fed91f583dd7a87f,39
5c77c6d8fed91f583dd7a87f,18
5c77c6d8fed91f583dd7a87c,2
5c77c6d8fed91f583dd7a87c,38
5c77c6d8fed91f583dd7a87d,24
5c77c6d8fed91f583dd7a87d,36
5c77c6d8fed91f583dd7a87d,26
5c77c6d8fed91f583dd7a87d,38
5c77c6d5fed91f583dd7a75f,24
5c77c6d5fed91f583dd7a75f,4
5c77c6d5fed91f583dd7a75f,5
5c77c6d5fed91f583dd7a75f,38
5c77c6d5fed91f583dd7a75f,7
5c77c6d5fed91f583dd7a75f,32
5c77c6d5fed91f583dd7a75e,2
5c77c6d5fed91f583dd7a75e,28
5c77c6d5fed91f583dd7a763,32
5c77c6d5fed91f583dd7a762,1
5c77c6d5fed91f583dd7a762,2
5c77c6d5fed91f583dd7a762,35
5c77c6d5fed91f583dd7a762,6
5c77c6d6fed91f583dd7a7af,1
5c77c6d6fed91f583dd7a7af,26
5c77c6d6fed91f583dd7a7af,27
5c77c6d5fed91f583dd7a765,1
5c77c6d5fed91f583dd7a765,2
5c77c6d5fed91f583dd7a765,26
5c77c6d5fed91f583dd7a765,39
5c77c6d6fed91f583dd7a7ae,34
5c77c6d6fed91f583dd7a7ae,2
5c77c6d6fed91f583dd7a7ae,35
5c77c6d6fed91f583dd7a7ae,9
5c77c6d5fed91f583dd7a764,33
5c77c6d5fed91f583dd7a764,2
5c77c6d6fed91f583dd7a7ad,2
5c77c6d6fed91f583dd7a7ad,39
5c77c6d6fed91f583dd7a7ac,1
5c77c6d6fed91f583dd7a7ac,2
5c77c6d6fed91f583dd7a7ac,26
5c77c6d8fed91f583dd7a882,25
5c77c6d8fed91f583dd7a882,39
5c77c6d6fed91f583dd7a7ab,2
5c77c6d6fed91f583dd7a7ab,9
5c77c6d6fed91f583dd7a7ab,30
5c77c6d8fed91f583dd7a883,22
5c77c6d8fed91f583dd7a883,1
5c77c6d8fed91f583dd7a883,2
5c77c6d5fed91f583dd7a761,2
5c77c6d6fed91f583dd7a7aa,2
5c77c6d6fed91f583dd7a7aa,14
5c77c6d6fed91f583dd7a7aa,16
5c77c6d8fed91f583dd7a880,2
5c77c6d8fed91f583dd7a880,26
5c77c6d5fed91f583dd7a760,27
5c77c6d5fed91f583dd7a760,39
5c77c6d8fed91f583dd7a881,2
5c77c6d8fed91f583dd7a881,26
5c77c6d8fed91f583dd7a886,7
5c77c6d8fed91f583dd7a886,9
5c77c6d8fed91f583dd7a886,40
5c77c6d8fed91f583dd7a887,2
5c77c6d8fed91f583dd7a884,34
5c77c6d8fed91f583dd7a884,39
5c77c6d8fed91f583dd7a885,35
5c77c6d5fed91f583dd7a767,22
5c77c6d5fed91f583dd7a767,12
5c77c6d5fed91f583dd7a767,2 
5c77c6d5fed91f583dd7a766,17
5c77c6d5fed91f583dd7a766,8
5c77c6d5fed91f583dd7a766,30
5c77c6d5fed91f583dd7a769,1
5c77c6d5fed91f583dd7a769,2
5c77c6d5fed91f583dd7a769,27
5c77c6d5fed91f583dd7a769,39
5c77c6d8fed91f583dd7a888,2
5c77c6d8fed91f583dd7a888,8
5c77c6d5fed91f583dd7a768,35
5c77c6d5fed91f583dd7a768,36
5c77c6d5fed91f583dd7a768,26
5c77c6d5fed91f583dd7a768,39
5c77c6d6fed91f583dd7a7b9,22
5c77c6d6fed91f583dd7a7b9,2
5c77c6d6fed91f583dd7a7b9,4
5c77c6d6fed91f583dd7a7b9,26
5c77c6d6fed91f583dd7a7b9,28
5c77c6d8fed91f583dd7a889,34
5c77c6d8fed91f583dd7a889,39
5c77c6d5fed91f583dd7a74a,2
5c77c6d5fed91f583dd7a74a,26
5c77c6d6fed91f583dd7a7b8,38
5c77c6d6fed91f583dd7a7b7,1
5c77c6d6fed91f583dd7a7b7,24
5c77c6d6fed91f583dd7a7b7,36
5c77c6d6fed91f583dd7a7b7,26
5c77c6d5fed91f583dd7a74c,8
5c77c6d6fed91f583dd7a7b6,26
5c77c6d6fed91f583dd7a7b6,27
5c77c6d6fed91f583dd7a7b6,39
5c77c6d5fed91f583dd7a74b,31
5c77c6d6fed91f583dd7a7b5,2
5c77c6d6fed91f583dd7a7b5,36
5c77c6d6fed91f583dd7a7b5,39
5c77c6d6fed91f583dd7a7b5,30
5c77c6d6fed91f583dd7a7b5,21
5c77c6d6fed91f583dd7a7b4,8
5c77c6d6fed91f583dd7a7b4,21
5c77c6d6fed91f583dd7a7b3,1
5c77c6d6fed91f583dd7a7b3,24
5c77c6d6fed91f583dd7a7b3,4
5c77c6d6fed91f583dd7a7b2,8
5c77c6d6fed91f583dd7a7b1,2
5c77c6d6fed91f583dd7a7b0,2
5c77c6d5fed91f583dd7a74e,1
5c77c6d5fed91f583dd7a74e,2
5c77c6d5fed91f583dd7a74e,24
5c77c6d5fed91f583dd7a74e,31
5c77c6d5fed91f583dd7a74d,2
5c77c6d5fed91f583dd7a74f,22
5c77c6d5fed91f583dd7a74f,35
5c77c6d5fed91f583dd7a74f,4
5c77c6d5fed91f583dd7a74f,28
5c77c6d5fed91f583dd7a74f,7
5c77c6d5fed91f583dd7a74f,8
5c77c6d5fed91f583dd7a74f,9
5c77c6d5fed91f583dd7a74f,21
